Datetime,Water Level (m)
2025-04-03 06:00:00,-0.48320013
2025-04-03 07:00:00,0.258449
2025-04-03 08:00:00,0.8508941
2025-04-03 09:00:00,1.2511863
2025-04-03 10:00:00,1.2734431
2025-04-03 11:00:00,0.94017047
2025-04-03 12:00:00,0.33526328
2025-04-03 13:00:00,-0.26917395
2025-04-03 14:00:00,-0.7365035
2025-04-03 15:00:00,-1.0918897
2025-04-03 16:00:00,-1.2958676
2025-04-03 17:00:00,-1.2259958
2025-04-03 18:00:00,-0.7055678
2025-04-03 19:00:00,-0.039803006
2025-04-03 20:00:00,0.4749779
2025-04-03 21:00:00,0.7955305
2025-04-03 22:00:00,0.8102681
2025-04-03 23:00:00,0.4450356
2025-04-04 00:00:00,-0.10742313
2025-04-04 01:00:00,-0.59299165
2025-04-04 02:00:00,-0.9735538
2025-04-04 03:00:00,-1.2420807
2025-04-04 04:00:00,-1.3851768
2025-04-04 05:00:00,-1.289969
2025-04-04 06:00:00,-0.7977686
2025-04-04 07:00:00,-0.15213124
2025-04-04 08:00:00,0.41328794
2025-04-04 09:00:00,0.8663471
2025-04-04 10:00:00,1.116742
2025-04-04 11:00:00,1.0643858
2025-04-04 12:00:00,0.6560896
2025-04-04 13:00:00,0.109914765
2025-04-04 14:00:00,-0.3668201
2025-04-04 15:00:00,-0.7174606
2025-04-04 16:00:00,-0.954837
2025-04-04 17:00:00,-1.0486265
2025-04-04 18:00:00,-0.92618716
2025-04-04 19:00:00,-0.5315262
2025-04-04 20:00:00,-0.04847078
2025-04-04 21:00:00,0.31855294
2025-04-04 22:00:00,0.5269193
2025-04-04 23:00:00,0.51337737
2025-04-05 00:00:00,0.23275816
2025-04-05 01:00:00,-0.1783529
2025-04-05 02:00:00,-0.56015676
2025-04-05 03:00:00,-0.8541288
2025-04-05 04:00:00,-1.0422498
2025-04-05 05:00:00,-1.0966774
2025-04-05 06:00:00,-0.9221549
2025-04-05 07:00:00,-0.49445552
2025-04-05 08:00:00,-0.010263086
2025-04-05 09:00:00,0.4026983
2025-04-05 10:00:00,0.72978395
2025-04-05 11:00:00,0.8823645
2025-04-05 12:00:00,0.8248881
2025-04-05 13:00:00,0.5707962
2025-04-05 14:00:00,0.21040995
2025-04-05 15:00:00,-0.16268268
2025-04-05 16:00:00,-0.47580463
2025-04-05 17:00:00,-0.69751084
2025-04-05 18:00:00,-0.8328517
2025-04-05 19:00:00,-0.8259637
2025-04-05 20:00:00,-0.61045146
2025-04-05 21:00:00,-0.24366067
2025-04-05 22:00:00,0.10158674
2025-04-05 23:00:00,0.32868028
2025-04-06 00:00:00,0.39538187
2025-04-06 01:00:00,0.27410874
2025-04-06 02:00:00,0.014319308
2025-04-06 03:00:00,-0.30156586
2025-04-06 04:00:00,-0.5804888
2025-04-06 05:00:00,-0.7755677
2025-04-06 06:00:00,-0.8555246
2025-04-06 07:00:00,-0.78943825
2025-04-06 08:00:00,-0.5414303
2025-04-06 09:00:00,-0.16752169
2025-04-06 10:00:00,0.2016149
2025-04-06 11:00:00,0.51894444
2025-04-06 12:00:00,0.72395515
2025-04-06 13:00:00,0.7876088
2025-04-06 14:00:00,0.67879015
2025-04-06 15:00:00,0.40227646
2025-04-06 16:00:00,0.04459937
2025-04-06 17:00:00,-0.29855433
2025-04-06 18:00:00,-0.57707536
2025-04-06 19:00:00,-0.7804633
2025-04-06 20:00:00,-0.90617394
2025-04-06 21:00:00,-0.9065329
2025-04-06 22:00:00,-0.6689753
2025-04-06 23:00:00,-0.25245503
2025-04-07 00:00:00,0.1335601
2025-04-07 01:00:00,0.39677835
2025-04-07 02:00:00,0.49756688
2025-04-07 03:00:00,0.39796913
2025-04-07 04:00:00,0.11845203
2025-04-07 05:00:00,-0.23381819
2025-04-07 06:00:00,-0.5519874
2025-04-07 07:00:00,-0.7913774
2025-04-07 08:00:00,-0.91484785
2025-04-07 09:00:00,-0.8684303
2025-04-07 10:00:00,-0.5724427
2025-04-07 11:00:00,-0.11854421
2025-04-07 12:00:00,0.3136494
2025-04-07 13:00:00,0.66024566
2025-04-07 14:00:00,0.87076443
2025-04-07 15:00:00,0.87669367
2025-04-07 16:00:00,0.6548003
2025-04-07 17:00:00,0.23842847
2025-04-07 18:00:00,-0.21630032
2025-04-07 19:00:00,-0.605843
2025-04-07 20:00:00,-0.9088629
2025-04-07 21:00:00,-1.0970448
2025-04-07 22:00:00,-1.1294822
2025-04-07 23:00:00,-0.890041
2025-04-08 00:00:00,-0.38395724
2025-04-08 01:00:00,0.11762145
2025-04-08 02:00:00,0.49387005
2025-04-08 03:00:00,0.708067
2025-04-08 04:00:00,0.67285365
2025-04-08 05:00:00,0.3524205
2025-04-08 06:00:00,-0.11689232
2025-04-08 07:00:00,-0.5402178
2025-04-08 08:00:00,-0.85623825
2025-04-08 09:00:00,-1.0462983
2025-04-08 10:00:00,-1.0663494
2025-04-08 11:00:00,-0.79728276
2025-04-08 12:00:00,-0.27318472
2025-04-08 13:00:00,0.26146993
2025-04-08 14:00:00,0.6934983
2025-04-08 15:00:00,0.9797491
2025-04-08 16:00:00,1.0350792
2025-04-08 17:00:00,0.76043636
2025-04-08 18:00:00,0.2372288
2025-04-08 19:00:00,-0.29475534
2025-04-08 20:00:00,-0.7238799
2025-04-08 21:00:00,-1.0544953
2025-04-08 22:00:00,-1.2656609
2025-04-08 23:00:00,-1.287411
2025-04-09 00:00:00,-0.91677046
2025-04-09 01:00:00,-0.2869126
2025-04-09 02:00:00,0.29308337
2025-04-09 03:00:00,0.73967755
2025-04-09 04:00:00,0.993705
2025-04-09 05:00:00,0.9714145
2025-04-09 06:00:00,0.6249466
